{
  "rho_by_operator": {
    "all": {
      "1": {
        "n_functions": 1,
        "n_closed": 0,
        "rho": 0.0
      },
      "2": {
        "n_functions": 4,
        "n_closed": 1,
        "rho": 0.25
      },
      "3": {
        "n_functions": 21,
        "n_closed": 2,
        "rho": 0.09523809523809523
      },
      "4": {
        "n_functions": 116,
        "n_closed": 8,
        "rho": 0.06896551724137931
      },
      "5": {
        "n_functions": 653,
        "n_closed": 32,
        "rho": 0.04900459418070444
      },
      "6": {
        "n_functions": 3899,
        "n_closed": 192,
        "rho": 0.04924339574249808
      },
      "7": {
        "n_functions": 23465,
        "n_closed": 1207,
        "rho": 0.051438312380140634
      },
      "8": {
        "n_functions": 144168,
        "n_closed": 6029,
        "rho": 0.041819266411408915
      }
    },
    "has_sin": {
      "1": {
        "n_functions": 0,
        "n_closed": 0,
        "rho": 0.0
      },
      "2": {
        "n_functions": 1,
        "n_closed": 1,
        "rho": 1.0
      },
      "3": {
        "n_functions": 6,
        "n_closed": 1,
        "rho": 0.16666666666666666
      },
      "4": {
        "n_functions": 53,
        "n_closed": 4,
        "rho": 0.07547169811320754
      },
      "5": {
        "n_functions": 356,
        "n_closed": 22,
        "rho": 0.06179775280898876
      },
      "6": {
        "n_functions": 2457,
        "n_closed": 122,
        "rho": 0.04965404965404965
      },
      "7": {
        "n_functions": 16410,
        "n_closed": 838,
        "rho": 0.05106642291285801
      },
      "8": {
        "n_functions": 108598,
        "n_closed": 4491,
        "rho": 0.04135435275051106
      }
    },
    "no_sin": {
      "1": {
        "n_functions": 1,
        "n_closed": 0,
        "rho": 0.0
      },
      "2": {
        "n_functions": 3,
        "n_closed": 0,
        "rho": 0.0
      },
      "3": {
        "n_functions": 15,
        "n_closed": 1,
        "rho": 0.06666666666666667
      },
      "4": {
        "n_functions": 63,
        "n_closed": 4,
        "rho": 0.06349206349206349
      },
      "5": {
        "n_functions": 297,
        "n_closed": 10,
        "rho": 0.03367003367003367
      },
      "6": {
        "n_functions": 1442,
        "n_closed": 70,
        "rho": 0.04854368932038835
      },
      "7": {
        "n_functions": 7057,
        "n_closed": 369,
        "rho": 0.05228850786453167
      },
      "8": {
        "n_functions": 35582,
        "n_closed": 1538,
        "rho": 0.0432241020740824
      }
    },
    "has_cos": {
      "1": {
        "n_functions": 0,
        "n_closed": 0,
        "rho": 0.0
      },
      "2": {
        "n_functions": 1,
        "n_closed": 0,
        "rho": 0.0
      },
      "3": {
        "n_functions": 6,
        "n_closed": 0,
        "rho": 0.0
      },
      "4": {
        "n_functions": 53,
        "n_closed": 2,
        "rho": 0.03773584905660377
      },
      "5": {
        "n_functions": 355,
        "n_closed": 16,
        "rho": 0.04507042253521127
      },
      "6": {
        "n_functions": 2443,
        "n_closed": 116,
        "rho": 0.04748260335652886
      },
      "7": {
        "n_functions": 16285,
        "n_closed": 851,
        "rho": 0.05225667792447037
      },
      "8": {
        "n_functions": 107670,
        "n_closed": 4529,
        "rho": 0.04206371319773382
      }
    },
    "no_cos": {
      "1": {
        "n_functions": 1,
        "n_closed": 0,
        "rho": 0.0
      },
      "2": {
        "n_functions": 3,
        "n_closed": 1,
        "rho": 0.3333333333333333
      },
      "3": {
        "n_functions": 15,
        "n_closed": 2,
        "rho": 0.13333333333333333
      },
      "4": {
        "n_functions": 63,
        "n_closed": 6,
        "rho": 0.09523809523809523
      },
      "5": {
        "n_functions": 298,
        "n_closed": 16,
        "rho": 0.053691275167785234
      },
      "6": {
        "n_functions": 1456,
        "n_closed": 76,
        "rho": 0.0521978021978022
      },
      "7": {
        "n_functions": 7184,
        "n_closed": 356,
        "rho": 0.04955456570155902
      },
      "8": {
        "n_functions": 36520,
        "n_closed": 1500,
        "rho": 0.04107338444687842
      }
    },
    "sin_only": {
      "1": {
        "n_functions": 0,
        "n_closed": 0,
        "rho": 0.0
      },
      "2": {
        "n_functions": 1,
        "n_closed": 1,
        "rho": 1.0
      },
      "3": {
        "n_functions": 4,
        "n_closed": 1,
        "rho": 0.25
      },
      "4": {
        "n_functions": 39,
        "n_closed": 4,
        "rho": 0.10256410256410256
      },
      "5": {
        "n_functions": 175,
        "n_closed": 11,
        "rho": 0.06285714285714286
      },
      "6": {
        "n_functions": 1131,
        "n_closed": 57,
        "rho": 0.050397877984084884
      },
      "7": {
        "n_functions": 5598,
        "n_closed": 269,
        "rho": 0.04805287602715255
      },
      "8": {
        "n_functions": 31745,
        "n_closed": 1242,
        "rho": 0.039124271538825015
      }
    },
    "cos_only": {
      "1": {
        "n_functions": 0,
        "n_closed": 0,
        "rho": 0.0
      },
      "2": {
        "n_functions": 1,
        "n_closed": 0,
        "rho": 0.0
      },
      "3": {
        "n_functions": 4,
        "n_closed": 0,
        "rho": 0.0
      },
      "4": {
        "n_functions": 39,
        "n_closed": 2,
        "rho": 0.05128205128205128
      },
      "5": {
        "n_functions": 174,
        "n_closed": 5,
        "rho": 0.028735632183908046
      },
      "6": {
        "n_functions": 1117,
        "n_closed": 51,
        "rho": 0.045658012533572066
      },
      "7": {
        "n_functions": 5471,
        "n_closed": 282,
        "rho": 0.05154450740266862
      },
      "8": {
        "n_functions": 30810,
        "n_closed": 1280,
        "rho": 0.041544952937358
      }
    },
    "both_sin_cos": {
      "1": {
        "n_functions": 0,
        "n_closed": 0,
        "rho": 0.0
      },
      "2": {
        "n_functions": 0,
        "n_closed": 0,
        "rho": 0.0
      },
      "3": {
        "n_functions": 2,
        "n_closed": 0,
        "rho": 0.0
      },
      "4": {
        "n_functions": 14,
        "n_closed": 0,
        "rho": 0.0
      },
      "5": {
        "n_functions": 181,
        "n_closed": 11,
        "rho": 0.06077348066298342
      },
      "6": {
        "n_functions": 1326,
        "n_closed": 65,
        "rho": 0.049019607843137254
      },
      "7": {
        "n_functions": 10814,
        "n_closed": 569,
        "rho": 0.05261697799149251
      },
      "8": {
        "n_functions": 76864,
        "n_closed": 3249,
        "rho": 0.04226946294754371
      }
    },
    "neither": {
      "1": {
        "n_functions": 1,
        "n_closed": 0,
        "rho": 0.0
      },
      "2": {
        "n_functions": 2,
        "n_closed": 0,
        "rho": 0.0
      },
      "3": {
        "n_functions": 11,
        "n_closed": 1,
        "rho": 0.09090909090909091
      },
      "4": {
        "n_functions": 24,
        "n_closed": 2,
        "rho": 0.08333333333333333
      },
      "5": {
        "n_functions": 123,
        "n_closed": 5,
        "rho": 0.04065040650406504
      },
      "6": {
        "n_functions": 325,
        "n_closed": 19,
        "rho": 0.05846153846153846
      },
      "7": {
        "n_functions": 1586,
        "n_closed": 87,
        "rho": 0.05485498108448928
      },
      "8": {
        "n_functions": 4779,
        "n_closed": 258,
        "rho": 0.05398618957940992
      }
    },
    "has_trig": {
      "1": {
        "n_functions": 0,
        "n_closed": 0,
        "rho": 0.0
      },
      "2": {
        "n_functions": 2,
        "n_closed": 1,
        "rho": 0.5
      },
      "3": {
        "n_functions": 10,
        "n_closed": 1,
        "rho": 0.1
      },