{
  "1": {
    "n_functions": 0,
    "n_closed": 0,
    "n_deriv_unique": 0,
    "n_processed": 0,
    "rho": 0.0
  },
  "2": {
    "n_functions": 0,
    "n_closed": 0,
    "n_deriv_unique": 0,
    "n_processed": 0,
    "rho": 0.0
  },
  "3": {
    "n_functions": 0,
    "n_closed": 0,
    "n_deriv_unique": 0,
    "n_processed": 0,
    "rho": 0.0
  },
  "4": {
    "n_functions": 105,
    "n_closed": 5,
    "n_deriv_unique": 99,
    "n_processed": 116,
    "rho": 0.047619047619047616
  },
  "5": {
    "n_functions": 606,
    "n_closed": 25,
    "n_deriv_unique": 565,
    "n_processed": 661,
    "rho": 0.041254125412541254
  },
  "6": {
    "n_functions": 3350,
    "n_closed": 137,
    "n_deriv_unique": 3119,
    "n_processed": 3733,
    "rho": 0.0408955223880597
  },
  "7": {
    "n_functions": 18704,
    "n_closed": 762,
    "n_deriv_unique": 17454,
    "n_processed": 21619,
    "rho": 0.04073994867408041
  },
  "8": {
    "n_functions": 107472,
    "n_closed": 3834,
    "n_deriv_unique": 100731,
    "n_processed": 129214,
    "rho": 0.035674408217954444
  },
  "9": {
    "n_functions": 628400,
    "n_closed": 18156,
    "n_deriv_unique": 591449,
    "n_processed": 791933,
    "rho": 0.028892425206874604
  }
}