{
  "rho": {
    "1": 0.0,
    "2": 0.0,
    "3": 0.09090909090909091,
    "4": 0.08333333333333333,
    "5": 0.04065040650406504,
    "6": 0.05846153846153846,
    "7": 0.05674653215636822,
    "8": 0.04928989139515455
  },
  "n_functions": {
    "1": 1,
    "2": 2,
    "3": 11,
    "4": 24,
    "5": 123,
    "6": 325,
    "7": 1586,
    "8": 4788
  },
  "n_closed": {
    "1": 0,
    "2": 0,
    "3": 1,
    "4": 2,
    "5": 5,
    "6": 19,
    "7": 90,
    "8": 236
  },
  "n_deriv_unique": {
    "1": 1,
    "2": 2,
    "3": 10,
    "4": 22,
    "5": 109,
    "6": 290,
    "7": 1437,
    "8": 4370
  },
  "n_total_unique": {
    "1": 1,
    "2": 2,
    "3": 11,
    "4": 24,
    "5": 128,
    "6": 343,
    "7": 1779,
    "8": 5576
  },
  "per_complexity": {
    "1": {
      "n_functions": 1,
      "n_closed": 0,
      "rho_at_k": 0.0
    },
    "2": {
      "n_functions": 1,
      "n_closed": 0,
      "rho_at_k": 0.0
    },
    "3": {
      "n_functions": 9,
      "n_closed": 1,
      "rho_at_k": 0.1111111111111111
    },
    "4": {
      "n_functions": 13,
      "n_closed": 1,
      "rho_at_k": 0.07692307692307693
    },
    "5": {
      "n_functions": 104,
      "n_closed": 3,
      "rho_at_k": 0.028846153846153848
    },
    "6": {
      "n_functions": 215,
      "n_closed": 12,
      "rho_at_k": 0.05581395348837209
    },
    "7": {
      "n_functions": 1436,
      "n_closed": 56,
      "rho_at_k": 0.03899721448467967
    },
    "8": {
      "n_functions": 3797,
      "n_closed": 130,
      "rho_at_k": 0.034237555965235714
    }
  }
}