{
  "basis": "ext_log_maths",
  "max_k": 8,
  "n_records": 319640,
  "n_total": 355388,
  "n_skipped": 35748,
  "elapsed_s": 435.9009130001068,
  "method": "lambdify_float64",
  "expr_timeout_s": 30,
  "string_only": {
    "1": {
      "n_functions": 0,
      "n_closed": 0,
      "rho": 0.0
    },
    "2": {
      "n_functions": 0,
      "n_closed": 0,
      "rho": 0.0
    },
    "3": {
      "n_functions": 0,
      "n_closed": 0,
      "rho": 0.0
    },
    "4": {
      "n_functions": 174,
      "n_closed": 13,
      "rho": 0.07471264367816093
    },
    "5": {
      "n_functions": 1123,
      "n_closed": 73,
      "rho": 0.06500445235975066
    },
    "6": {
      "n_functions": 7325,
      "n_closed": 435,
      "rho": 0.059385665529010236
    },
    "7": {
      "n_functions": 46705,
      "n_closed": 1717,
      "rho": 0.036762659244192274
    },
    "8": {
      "n_functions": 314627,
      "n_closed": 8111,
      "rho": 0.02577973282648978
    }
  },
  "fingerprint": {
    "1": {
      "n_functions": 0,
      "n_closed": 0,
      "rho": 0.0
    },
    "2": {
      "n_functions": 0,
      "n_closed": 0,
      "rho": 0.0
    },
    "3": {
      "n_functions": 0,
      "n_closed": 0,
      "rho": 0.0
    },
    "4": {
      "n_functions": 160,
      "n_closed": 13,
      "rho": 0.08125
    },
    "5": {
      "n_functions": 974,
      "n_closed": 99,
      "rho": 0.10164271047227925
    },
    "6": {
      "n_functions": 5971,
      "n_closed": 690,
      "rho": 0.11555853290906046
    },
    "7": {
      "n_functions": 35739,
      "n_closed": 3588,
      "rho": 0.10039452698732478
    },
    "8": {
      "n_functions": 224994,
      "n_closed": 19448,
      "rho": 0.08643786056517062
    }
  },
  "weighted": {
    "4": {
      "n_functions": 64,
      "n_closed": 3,
      "rho": 0.046875
    },
    "5": {
      "n_functions": 391,
      "n_closed": 32,
      "rho": 0.08184143222506395
    },
    "6": {
      "n_functions": 1951,
      "n_closed": 175,
      "rho": 0.08969759097898514
    },
    "7": {
      "n_functions": 10123,
      "n_closed": 909,
      "rho": 0.08979551516348909
    },
    "8": {
      "n_functions": 52297,
      "n_closed": 4069,
      "rho": 0.07780561026445111
    },
    "9": {
      "n_functions": 133755,
      "n_closed": 10247,
      "rho": 0.0766102201786849
    },
    "10": {
      "n_functions": 196822,
      "n_closed": 16512,
      "rho": 0.08389306073508043
    },
    "11": {
      "n_functions": 219824,
      "n_closed": 18947,
      "rho": 0.08619168061722104
    },
    "12": {
      "n_functions": 224246,
      "n_closed": 19390,
      "rho": 0.0864675401121982
    },
    "13": {
      "n_functions": 224826,
      "n_closed": 19439,
      "rho": 0.08646241982688835
    },
    "14": {
      "n_functions": 224917,
      "n_closed": 19448,
      "rho": 0.08646745243801046
    },
    "15": {
      "n_functions": 224935,
      "n_closed": 19448,
      "rho": 0.08646053304287905
    },
    "16": {
      "n_functions": 224951,
      "n_closed": 19448,
      "rho": 0.08645438339905134
    },
    "17": {
      "n_functions": 224964,
      "n_closed": 19448,
      "rho": 0.08644938745754877
    },
    "18": {
      "n_functions": 224969,
      "n_closed": 19448,
      "rho": 0.08644746609532869
    },
    "19": {
      "n_functions": 224971,
      "n_closed": 19448,
      "rho": 0.08644669757435403
    },
    "20": {
      "n_functions": 224977,
      "n_closed": 19448,
      "rho": 0.086444392093414
    },
    "21": {
      "n_functions": 224977,
      "n_closed": 19448,
      "rho": 0.086444392093414
    },
    "22": {
      "n_functions": 224979,
      "n_closed": 19448,
      "rho": 0.08644362362709408
    },
    "23": {
      "n_functions": 224981,
      "n_closed": 19448,
      "rho": 0.08644285517443695
    },
    "24": {
      "n_functions": 224984,
      "n_closed": 19448,
      "rho": 0.08644170252106817
    },
    "25": {
      "n_functions": 224986,
      "n_closed": 19448,
      "rho": 0.08644093410256638
    },
    "26": {
      "n_functions": 224986,
      "n_closed": 19448,
      "rho": 0.08644093410256638
    },
    "27": {
      "n_functions": 224986,
      "n_closed": 19448,
      "rho": 0.08644093410256638
    },
    "28": {
      "n_functions": 224987,
      "n_closed": 19448,
      "rho": 0.08644054989843858
    },
    "29": {
      "n_functions": 224987,
      "n_closed": 19448,
      "rho": 0.08644054989843858
    },
    "30": {
      "n_functions": 224989,
      "n_closed": 19448,
      "rho": 0.08643978150042891
    },
    "31": {
      "n_functions": 224990,
      "n_closed": 19448,
      "rho": 0.08643939730654696
    },
    "32": {
      "n_functions": 224990,
      "n_closed": 19448,
      "rho": 0.08643939730654696
    },
    "33": {
      "n_functions": 224991,
      "n_closed": 19448,
      "rho": 0.0864390131160802
    },
    "34": {
      "n_functions": 224991,
      "n_closed": 19448,
      "rho": 0.0864390131160802
    },
    "35": {
      "n_functions": 224993,
      "n_closed": 19448,
      "rho": 0.08643824474539208
    },
    "36": {
      "n_functions": 224994,
      "n_closed": 19448,
      "rho": 0.08643786056517062
    }
  }
}