{
  "core_maths": {
    "alpha": 3.2460010556851615,
    "beta": 3.9946855559746988,
    "ratio": 0.8125798664754079,
    "peak_k": 3,
    "peak_rho": 0.1111111111111111,
    "decline_pct": 18.742013352459207
  },
  "ext_maths": {
    "alpha": 5.6582742417457155,
    "beta": 6.005835389719448,
    "ratio": 0.9421294248975465,
    "peak_k": 4,
    "peak_rho": 0.047619047619047616,
    "decline_pct": 5.7870575102453525
  },
  "ext_log_maths": {
    "alpha": 6.10896050413041,
    "beta": 6.9966105601587625,
    "ratio": 0.8731314186496311,
    "peak_k": 6,
    "peak_rho": 0.1157329755115733,
    "decline_pct": 12.686858135036893
  },
  "trig_maths": {
    "alpha": 5.45734321537528,
    "beta": 6.9906538078068525,
    "ratio": 0.7806627771040187,
    "peak_k": 2,
    "peak_rho": 0.25,
    "decline_pct": 21.933722289598133
  }
}